Date,Capital,Net_Return,Turnover,Transaction_Costs,Benchmark_Log_Return,Strategy_Equity,Benchmark_Equity
2025-02-03T00:00:00.000,9962.137225943758,-0.0037862774056242054,0.9999999999999996,9.999999999999996,0.033572660688266254,9962.137225943758,10341.425825082382
2025-03-03T00:00:00.000,9797.876097950011,-0.016488542997176503,0.551722521002724,5.496335464872773,-0.043375044312316646,9797.876097950011,9902.455031424246
2025-03-31T00:00:00.000,9961.09317285782,0.01665841385174871,1.3276804213525135,13.008448266085992,-0.12856153270962878,9961.09317285782,8707.817423786493
2025-04-28T00:00:00.000,10605.496407658306,0.06469201960246362,0.5515737881548708,5.494277895516809,0.11397958272024944,10605.496407658304,9759.105624388185
2025-05-26T00:00:00.000,10564.901309537438,-0.0038277414427818623,1.9999999999999996,21.210992815316608,0.03880691081218757,10564.901309537436,10145.270843818264
2025-06-23T00:00:00.000,11009.965022145852,0.04212663228634561,1.9990531148026216,21.11979887041311,0.04326451794149122,11009.96502214585,10593.834576108253
2025-07-21T00:00:00.000,11148.300444183202,0.01256456507891679,1.8056319808595136,19.879944952131176,0.034325180009677325,11148.300444183202,10963.78280205982
2025-08-18T00:00:00.000,11177.411620388448,0.002611265847292099,0.48200132012778585,5.373495531277484,0.012176995133854618,11177.41162038845,11098.104891845636
2025-09-15T00:00:00.000,11178.422006394943,0.00009039534740340471,0.6939099486646134,7.756117123707002,0.030075474778493927,11178.422006394945,11436.955673215965
2025-10-13T00:00:00.000,11986.573612432318,0.07229567872594611,1.7071394891540423,19.083125633545368,-0.000052534205769561027,11986.573612432321,11436.354857615073
2025-11-10T00:00:00.000,11692.09639959805,-0.024567255193664428,0.8875042065225365,10.638134502825718,0.010464265025989405,11692.096399598051,11556.656240798164
2025-12-08T00:00:00.000,11605.881518088636,-0.00737377443384557,1.1855830151563933,13.861950902934666,0.01375977986053023,11605.881518088636,11716.772341499882
2025-12-29T00:00:00.000,11662.134473170325,0.00484693515042478,1.7891371389186383,20.764513653901805,0.004539000937880289,11662.134473170325,11770.075662543746
